{"cameraMode":{"drawMode":0,"name":"Shaded","section":"Shading Mode"},"sceneLighting":false,"audioPlay":false,"sceneViewState":{"m_AlwaysRefresh":false,"showFog":true,"showSkybox":false,"showFlares":true,"showImageEffects":true,"showParticleSystems":true,"showVisualEffectGraphs":true,"m_FxEnabled":true},"in2DMode":false,"pivot":{"x":1.8552417755126954,"y":-16.206079483032228,"z":11.955290794372559},"rotation":{"x":-0.44846683740615847,"y":-0.028952771797776223,"z":0.014534530229866505,"w":-0.893218457698822},"size":0.8660253882408142,"orthographic":false}